"frist-name","last-name","birth-date","state","salary","social-class"
"Maurice","McCullough","22/7/1962","Missouri","6,829.12","A"
"Garland","Ullrich","9/7/1974","Hawaii","10,414.48","A"
"Keneth","Ondricka","7/8/1991","Nebraska","14,854.33","A"
"Breanne","Funk","23/3/1956","North Dakota","1,733.25","A"
"Erasmo","Johnston","16/4/1992","New Hampshire","3,302.67","C"
"Lillie","Lindgren","22/3/1990","Florida","7,725.80","A"
"Demetrius","Zboncak","19/9/1972","Alaska","18,658.87","C"
"Forest","Thompson","7/11/1989","Kentucky","10,324.44","C"
"Derick","McDermott","13/7/1982","Illinois","7,008.27","B"
"Mariko","Jacobs","23/11/1997","Pennsylvania","13,879.48","B"
"Shanice","Yundt","17/1/1965","South Carolina","15,700.12","B"
"Eugene","Torphy","16/2/1983","New York","17,782.78","A"
"Deshawn","Corkery","3/2/1990","Arkansas","9,677.95","B"
"Cortney","Green","2/4/1950","Idaho","19,216.89","A"
"Paul","West","28/5/1971","Hawaii","8,110.39","A"
"Lajuana","Kshlerin","11/9/1994","Delaware","5,329.21","A"
"Angle","Reilly","31/2/1979","Ohio","3,507.64","C"
"Willena","Mueller","25/8/1960","Utah","8,920.68","B"
"Roberto","Hansen","27/11/1998","California","15,887.97","A"
"Minh","Schaden","31/10/1956","Arkansas","5,367.83","B"
"Erik","Heidenreich","31/7/1976","Washington","8,705.79","B"
"Natashia","Runte","5/4/1951","Kentucky","15,209.45","B"
"Dustin","Hackett","13/11/1966","Utah","4,404.61","A"
"Wilfredo","Daniel","3/9/1959","Illinois","19,042.29","A"
"Tracy","Auer","30/11/1950","New Mexico","4,899.77","A"
"Cleo","Konopelski","9/1/1959","Georgia","13,423.43","C"
"Tabatha","Wisozk","16/2/1983","Arkansas","14,107.27","A"
"King","Lind","24/7/1991","Hawaii","17,379.76","B"
"Nelson","Wiza","17/10/1965","Nebraska","19,444.79","C"
"Rolf","Fisher","10/2/1978","New Jersey","1,311.05","C"
"Rosalba","Schamberger","8/4/1962","New Hampshire","11,964.17","C"
"Karan","Marquardt","5/8/1979","Virginia","18,146.69","B"
"Hollis","Leffler","26/7/1997","New Hampshire","17,401.72","A"
"Song","MacGyver","4/6/1973","Hawaii","11,103.16","C"
"Chia","Ledner","2/8/1972","Texas","19,723.95","A"
"Sage","Mann","7/1/1964","New Jersey","4,488.50","A"
"Adriane","Goyette","29/8/1974","Montana","3,015.82","B"
"Analisa","Harris","11/6/1975","Indiana","3,331.38","B"
"Antione","Wehner","4/9/1962","Montana","15,418.81","B"
"Truman","Becker","21/3/1954","New Hampshire","4,967.73","C"
"Arnulfo","O'Reilly","31/5/1977","Nebraska","11,937.38","B"
"Mitch","Kozey","3/10/1981","New Mexico","9,811.17","A"
"Selma","Senger","30/10/1972","South Carolina","17,748.83","B"
"Virgil","Effertz","15/2/1952","Illinois","11,750.72","B"
"Anjelica","Kohler","9/5/1979","Texas","12,178.16","B"
"Katherina","Haag","14/6/1969","North Dakota","10,767.63","B"
"Andrew","Bernhard","20/11/1973","Maryland","19,034.20","A"
"Paul","Green","23/6/1951","Idaho","6,422.27","B"
"Roderick","Feest","26/2/1964","Missouri","18,894.49","B"
"Tyler","Hessel","10/9/1980","Idaho","1,733.70","C"
"Darrin","Douglas","9/9/1969","Florida","14,315.88","B"
"Enola","Torp","29/1/1975","Missouri","6,231.29","A"
"Leoma","Prohaska","21/6/1969","North Carolina","13,527.94","C"
"Gary","Kertzmann","29/1/1989","Missouri","14,595.13","B"
"Alverta","Medhurst","14/6/1995","New Jersey","1,922.28","B"
"Ben","Runolfsson","6/9/1951","Maine","10,487.14","C"
"Reagan","Connelly","15/5/1994","New Jersey","11,618.99","C"
"Merna","Herman","4/8/1964","Washington","11,995.93","B"
"Lawrence","Price","29/5/1979","Rhode Island","5,400.93","B"
"Albertina","Bartoletti","6/9/1952","Oregon","17,337.27","B"
"Mathew","Nitzsche","2/3/1969","Florida","14,736.78","C"
"Roberto","Schamberger","9/11/1951","Massachusetts","5,250.17","C"
"Luther","Hintz","23/1/1965","Wyoming","14,138.46","C"
"Dottie","Kuhlman","28/8/1968","Alaska","2,261.15","C"
"Willy","Mayer","14/5/1982","North Dakota","4,439.93","C"
"Margret","Smith","29/10/1991","Indiana","8,932.72","A"
"Roxana","Beer","27/2/1987","North Dakota","1,261.27","A"
"Launa","Bayer","11/5/1953","Kentucky","3,313.85","C"
"Mitzi","Stoltenberg","26/5/1968","New Hampshire","12,998.64","C"
"Lu","Oberbrunner","11/3/1985","West Virginia","10,441.53","C"
"Cleora","Will","20/8/1988","North Carolina","16,521.18","C"
"Elijah","Terry","14/11/1991","Kentucky","9,444.59","A"
"Nichole","Reichel","7/3/1951","Wisconsin","16,767.72","C"
"Virgil","O'Reilly","23/5/1960","Idaho","5,037.70","B"
"Jonathan","Donnelly","3/5/1988","Nevada","15,826.57","C"
"Karri","Auer","5/7/1973","West Virginia","2,101.14","C"
"Mirella","McGlynn","25/2/1957","Connecticut","7,602.77","A"
"Dewey","Schaefer","7/10/1996","Rhode Island","10,177.63","A"
"Dirk","Ward","30/8/1969","Alabama","2,879.36","A"
"Markita","Kris","20/6/1954","Pennsylvania","14,810.77","C"
"Derek","Mraz","28/11/1957","Arkansas","15,558.83","A"
"Gwyneth","Will","3/1/1955","Montana","17,352.51","C"
"Randal","Gislason","16/10/1980","Maine","11,021.65","A"
"Grayce","Torphy","2/6/1966","Wisconsin","8,501.35","A"
"Denny","Toy","26/7/1971","Indiana","1,300.87","C"
"Chu","Hettinger","11/2/1984","Pennsylvania","8,145.77","B"
"Lucy","Fritsch","20/8/1995","North Dakota","16,883.12","C"
"Melba","Medhurst","15/3/1990","Kentucky","15,993.54","C"
"Eneida","Fay","20/9/1989","New Jersey","10,189.88","C"
"Orval","Johnston","8/3/1969","Louisiana","16,807.89","A"
"Nakisha","Kuvalis","19/9/1979","Wyoming","18,751.54","C"
"Thu","Senger","7/3/1993","Wisconsin","12,355.33","A"
"Clay","Kautzer","31/9/1995","Virginia","14,886.30","A"
"Anh","Gutmann","17/5/1983","North Dakota","11,330.49","A"
"Esteban","Bednar","31/7/1976","Oregon","3,763.25","B"
"Micah","Pfannerstill","29/8/1967","Connecticut","4,665.20","C"
"Yolande","Hegmann","16/9/1953","Wisconsin","3,533.95","A"
"Arturo","Gulgowski","4/8/1952","Rhode Island","19,778.33","A"
"Britany","Ortiz","19/11/1978","Illinois","3,029.30","B"
"Booker","Boyle","24/3/1963","California","10,177.84","C"
